----------------------------------------

IF NOT EXISTS (SELECT	1	FROM [MD_ADDR_TYPE]	WHERE	ADDR_TYPE_NAME = 'HOME_ADDRESS')
BEGIN
	INSERT INTO [MD_ADDR_TYPE] (ADDR_TYPE_NAME)
	VALUES ('HOME_ADDRESS')
END


IF NOT EXISTS (SELECT	1	FROM [MD_ADDR_TYPE]	WHERE	ADDR_TYPE_NAME = 'POSTAL_ADDRESS')
BEGIN
	INSERT INTO [MD_ADDR_TYPE] (ADDR_TYPE_NAME)
	VALUES ('POSTAL_ADDRESS')
END

----------------------------------------
--State
IF NOT EXISTS (SELECT 1 FROM  [MD_STATE] WHERE [STATE_ID] = '4194DCCA-5B70-4D26-8520-02C05038B714') BEGIN  INSERT INTO [MD_STATE]([STATE_ID], [STATE_NAME], [CRE_DATE]) VALUES('4194DCCA-5B70-4D26-8520-02C05038B714','Andaman and Nicobar Island',GETDATE())END
IF NOT EXISTS (SELECT 1 FROM  [MD_STATE] WHERE [STATE_ID] = 'F31298B6-CBF5-4151-8E72-05294842C155') BEGIN  INSERT INTO [MD_STATE]([STATE_ID], [STATE_NAME], [CRE_DATE]) VALUES('F31298B6-CBF5-4151-8E72-05294842C155','Andhra Pradesh',GETDATE())END
IF NOT EXISTS (SELECT 1 FROM  [MD_STATE] WHERE [STATE_ID] = '75D01200-AB62-4C64-826F-057CB968A1C9') BEGIN  INSERT INTO [MD_STATE]([STATE_ID], [STATE_NAME], [CRE_DATE]) VALUES('75D01200-AB62-4C64-826F-057CB968A1C9','Arunachal Pradesh',GETDATE())END
----------------------------------------

--City
IF NOT EXISTS (SELECT 1 FROM  [MD_CITY] WHERE [CITY_ID] = 'C7CE9C01-AC28-4E3B-A4AB-009CBAAF670F') BEGIN  INSERT INTO [MD_CITY]([CITY_ID], [CITY_NAME], [CRE_DATE],[STATE_ID]) VALUES('C7CE9C01-AC28-4E3B-A4AB-009CBAAF670F','Nicobar',GETDATE(),'4194DCCA-5B70-4D26-8520-02C05038B714')END
IF NOT EXISTS (SELECT 1 FROM  [MD_CITY] WHERE [CITY_ID] = '8F4B95B2-532E-45A2-B854-00FD7D375B56') BEGIN  INSERT INTO [MD_CITY]([CITY_ID], [CITY_NAME], [CRE_DATE],[STATE_ID]) VALUES('8F4B95B2-532E-45A2-B854-00FD7D375B56','North and Middle Andaman',GETDATE(),'4194DCCA-5B70-4D26-8520-02C05038B714')END
IF NOT EXISTS (SELECT 1 FROM  [MD_CITY] WHERE [CITY_ID] = '8AE60F61-48AA-4CD5-8DF4-0170B94A20AE') BEGIN  INSERT INTO [MD_CITY]([CITY_ID], [CITY_NAME], [CRE_DATE],[STATE_ID]) VALUES('8AE60F61-48AA-4CD5-8DF4-0170B94A20AE','South Andaman',GETDATE(),'4194DCCA-5B70-4D26-8520-02C05038B714')END
IF NOT EXISTS (SELECT 1 FROM  [MD_CITY] WHERE [CITY_ID] = 'E5F9AED2-D715-4864-8AE9-0203CB86435E') BEGIN  INSERT INTO [MD_CITY]([CITY_ID], [CITY_NAME], [CRE_DATE],[STATE_ID]) VALUES('E5F9AED2-D715-4864-8AE9-0203CB86435E','Anantapur',GETDATE(),'F31298B6-CBF5-4151-8E72-05294842C155')END
IF NOT EXISTS (SELECT 1 FROM  [MD_CITY] WHERE [CITY_ID] = '9DD74CC3-FE2F-43A6-98AC-02046645C861') BEGIN  INSERT INTO [MD_CITY]([CITY_ID], [CITY_NAME], [CRE_DATE],[STATE_ID]) VALUES('9DD74CC3-FE2F-43A6-98AC-02046645C861','Chittoor',GETDATE(),'F31298B6-CBF5-4151-8E72-05294842C155')END
IF NOT EXISTS (SELECT 1 FROM  [MD_CITY] WHERE [CITY_ID] = '2B8D966C-B92E-4D7D-8934-02D8AB7E6DAE') BEGIN  INSERT INTO [MD_CITY]([CITY_ID], [CITY_NAME], [CRE_DATE],[STATE_ID]) VALUES('2B8D966C-B92E-4D7D-8934-02D8AB7E6DAE','Cuddapah',GETDATE(),'F31298B6-CBF5-4151-8E72-05294842C155')END
IF NOT EXISTS (SELECT 1 FROM  [MD_CITY] WHERE [CITY_ID] = '32E33EE6-4BB1-4221-A979-02D92E5F683D') BEGIN  INSERT INTO [MD_CITY]([CITY_ID], [CITY_NAME], [CRE_DATE],[STATE_ID]) VALUES('32E33EE6-4BB1-4221-A979-02D92E5F683D','East Godavari',GETDATE(),'F31298B6-CBF5-4151-8E72-05294842C155')END
IF NOT EXISTS (SELECT 1 FROM  [MD_CITY] WHERE [CITY_ID] = '597AA3AC-B498-4A9C-97A8-035E54062FBD') BEGIN  INSERT INTO [MD_CITY]([CITY_ID], [CITY_NAME], [CRE_DATE],[STATE_ID]) VALUES('597AA3AC-B498-4A9C-97A8-035E54062FBD','Guntur',GETDATE(),'F31298B6-CBF5-4151-8E72-05294842C155')END
IF NOT EXISTS (SELECT 1 FROM  [MD_CITY] WHERE [CITY_ID] = '25C77609-8193-4455-B7B6-03C66C651964') BEGIN  INSERT INTO [MD_CITY]([CITY_ID], [CITY_NAME], [CRE_DATE],[STATE_ID]) VALUES('25C77609-8193-4455-B7B6-03C66C651964','Krishna',GETDATE(),'F31298B6-CBF5-4151-8E72-05294842C155')END
IF NOT EXISTS (SELECT 1 FROM  [MD_CITY] WHERE [CITY_ID] = '02F61FED-6C86-4488-96C9-046CB277A09D') BEGIN  INSERT INTO [MD_CITY]([CITY_ID], [CITY_NAME], [CRE_DATE],[STATE_ID]) VALUES('02F61FED-6C86-4488-96C9-046CB277A09D','Kurnool',GETDATE(),'F31298B6-CBF5-4151-8E72-05294842C155')END
IF NOT EXISTS (SELECT 1 FROM  [MD_CITY] WHERE [CITY_ID] = '09E059F6-2DA7-41B8-A674-04AF8AA1E5BA') BEGIN  INSERT INTO [MD_CITY]([CITY_ID], [CITY_NAME], [CRE_DATE],[STATE_ID]) VALUES('09E059F6-2DA7-41B8-A674-04AF8AA1E5BA','Nellore',GETDATE(),'F31298B6-CBF5-4151-8E72-05294842C155')END
IF NOT EXISTS (SELECT 1 FROM  [MD_CITY] WHERE [CITY_ID] = '4BC2D7FD-7741-4EF6-A314-059A9C4F2D87') BEGIN  INSERT INTO [MD_CITY]([CITY_ID], [CITY_NAME], [CRE_DATE],[STATE_ID]) VALUES('4BC2D7FD-7741-4EF6-A314-059A9C4F2D87','Prakasam',GETDATE(),'F31298B6-CBF5-4151-8E72-05294842C155')END
IF NOT EXISTS (SELECT 1 FROM  [MD_CITY] WHERE [CITY_ID] = 'BBF26227-B07A-415C-B6E8-05AD92440F54') BEGIN  INSERT INTO [MD_CITY]([CITY_ID], [CITY_NAME], [CRE_DATE],[STATE_ID]) VALUES('BBF26227-B07A-415C-B6E8-05AD92440F54','Srikakulam',GETDATE(),'F31298B6-CBF5-4151-8E72-05294842C155')END
IF NOT EXISTS (SELECT 1 FROM  [MD_CITY] WHERE [CITY_ID] = '44CCE8F6-05A8-408F-BAA4-05CBBB99381D') BEGIN  INSERT INTO [MD_CITY]([CITY_ID], [CITY_NAME], [CRE_DATE],[STATE_ID]) VALUES('44CCE8F6-05A8-408F-BAA4-05CBBB99381D','Visakhapatnam',GETDATE(),'F31298B6-CBF5-4151-8E72-05294842C155')END
IF NOT EXISTS (SELECT 1 FROM  [MD_CITY] WHERE [CITY_ID] = 'B5C18E66-1716-4E2B-865E-05E7DD661659') BEGIN  INSERT INTO [MD_CITY]([CITY_ID], [CITY_NAME], [CRE_DATE],[STATE_ID]) VALUES('B5C18E66-1716-4E2B-865E-05E7DD661659','Vizianagaram',GETDATE(),'F31298B6-CBF5-4151-8E72-05294842C155')END
IF NOT EXISTS (SELECT 1 FROM  [MD_CITY] WHERE [CITY_ID] = '25B65D6A-5BFF-4DB3-BCE8-06888FE68030') BEGIN  INSERT INTO [MD_CITY]([CITY_ID], [CITY_NAME], [CRE_DATE],[STATE_ID]) VALUES('25B65D6A-5BFF-4DB3-BCE8-06888FE68030','West Godavari',GETDATE(),'F31298B6-CBF5-4151-8E72-05294842C155')END
IF NOT EXISTS (SELECT 1 FROM  [MD_CITY] WHERE [CITY_ID] = '290AD800-A736-4E18-A6BE-06E6551FB453') BEGIN  INSERT INTO [MD_CITY]([CITY_ID], [CITY_NAME], [CRE_DATE],[STATE_ID]) VALUES('290AD800-A736-4E18-A6BE-06E6551FB453','Anjaw',GETDATE(),'75D01200-AB62-4C64-826F-057CB968A1C9')END
IF NOT EXISTS (SELECT 1 FROM  [MD_CITY] WHERE [CITY_ID] = '8B1F5EC5-CEAE-4A07-AC37-072393DD6DD4') BEGIN  INSERT INTO [MD_CITY]([CITY_ID], [CITY_NAME], [CRE_DATE],[STATE_ID]) VALUES('8B1F5EC5-CEAE-4A07-AC37-072393DD6DD4','Changlang',GETDATE(),'75D01200-AB62-4C64-826F-057CB968A1C9')END
IF NOT EXISTS (SELECT 1 FROM  [MD_CITY] WHERE [CITY_ID] = '5AC18234-789C-47BC-B2ED-073C08A8C340') BEGIN  INSERT INTO [MD_CITY]([CITY_ID], [CITY_NAME], [CRE_DATE],[STATE_ID]) VALUES('5AC18234-789C-47BC-B2ED-073C08A8C340','Dibang Valley',GETDATE(),'75D01200-AB62-4C64-826F-057CB968A1C9')END
IF NOT EXISTS (SELECT 1 FROM  [MD_CITY] WHERE [CITY_ID] = '28BE1CA0-D9FE-4B6B-8634-0769F1137EE2') BEGIN  INSERT INTO [MD_CITY]([CITY_ID], [CITY_NAME], [CRE_DATE],[STATE_ID]) VALUES('28BE1CA0-D9FE-4B6B-8634-0769F1137EE2','East Kameng',GETDATE(),'75D01200-AB62-4C64-826F-057CB968A1C9')END
IF NOT EXISTS (SELECT 1 FROM  [MD_CITY] WHERE [CITY_ID] = 'A7D6BEB9-93A6-42B9-BA1E-077CF8DFE52A') BEGIN  INSERT INTO [MD_CITY]([CITY_ID], [CITY_NAME], [CRE_DATE],[STATE_ID]) VALUES('A7D6BEB9-93A6-42B9-BA1E-077CF8DFE52A','East Siang',GETDATE(),'75D01200-AB62-4C64-826F-057CB968A1C9')END
IF NOT EXISTS (SELECT 1 FROM  [MD_CITY] WHERE [CITY_ID] = '61AEDBB4-F7FC-4A31-B4F0-07B53912B17B') BEGIN  INSERT INTO [MD_CITY]([CITY_ID], [CITY_NAME], [CRE_DATE],[STATE_ID]) VALUES('61AEDBB4-F7FC-4A31-B4F0-07B53912B17B','Kurung Kumey',GETDATE(),'75D01200-AB62-4C64-826F-057CB968A1C9')END
IF NOT EXISTS (SELECT 1 FROM  [MD_CITY] WHERE [CITY_ID] = '5C4AD9A1-8329-4A0A-B99D-07BC61FC5382') BEGIN  INSERT INTO [MD_CITY]([CITY_ID], [CITY_NAME], [CRE_DATE],[STATE_ID]) VALUES('5C4AD9A1-8329-4A0A-B99D-07BC61FC5382','Lohit',GETDATE(),'75D01200-AB62-4C64-826F-057CB968A1C9')END
IF NOT EXISTS (SELECT 1 FROM  [MD_CITY] WHERE [CITY_ID] = '0ECA7E4F-E28A-43FF-97BD-08AE77C2F573') BEGIN  INSERT INTO [MD_CITY]([CITY_ID], [CITY_NAME], [CRE_DATE],[STATE_ID]) VALUES('0ECA7E4F-E28A-43FF-97BD-08AE77C2F573','Longding',GETDATE(),'75D01200-AB62-4C64-826F-057CB968A1C9')END
IF NOT EXISTS (SELECT 1 FROM  [MD_CITY] WHERE [CITY_ID] = 'A1FD8A68-1033-4AF8-9184-08CBD76765BB') BEGIN  INSERT INTO [MD_CITY]([CITY_ID], [CITY_NAME], [CRE_DATE],[STATE_ID]) VALUES('A1FD8A68-1033-4AF8-9184-08CBD76765BB','Lower Dibang Valley',GETDATE(),'75D01200-AB62-4C64-826F-057CB968A1C9')END
IF NOT EXISTS (SELECT 1 FROM  [MD_CITY] WHERE [CITY_ID] = 'F065E08A-794F-45C1-BB08-094AB61173DE') BEGIN  INSERT INTO [MD_CITY]([CITY_ID], [CITY_NAME], [CRE_DATE],[STATE_ID]) VALUES('F065E08A-794F-45C1-BB08-094AB61173DE','Lower Subansiri',GETDATE(),'75D01200-AB62-4C64-826F-057CB968A1C9')END
IF NOT EXISTS (SELECT 1 FROM  [MD_CITY] WHERE [CITY_ID] = 'D148C743-B9C0-4C15-A4F6-0A04EEED6BC1') BEGIN  INSERT INTO [MD_CITY]([CITY_ID], [CITY_NAME], [CRE_DATE],[STATE_ID]) VALUES('D148C743-B9C0-4C15-A4F6-0A04EEED6BC1','Papum Pare',GETDATE(),'75D01200-AB62-4C64-826F-057CB968A1C9')END
IF NOT EXISTS (SELECT 1 FROM  [MD_CITY] WHERE [CITY_ID] = '0D94F64C-6FF4-45E2-8BE1-0A058AA896FB') BEGIN  INSERT INTO [MD_CITY]([CITY_ID], [CITY_NAME], [CRE_DATE],[STATE_ID]) VALUES('0D94F64C-6FF4-45E2-8BE1-0A058AA896FB','Tawang',GETDATE(),'75D01200-AB62-4C64-826F-057CB968A1C9')END

----------------------------------------
